"","precision","nDCG","N_nDCG","EPC"
"1",0.060377358490566,0.0649112674391779,0.362658228961152,0.283327650627247
