"","trade_off","precision","nDCG","N_nDCG","EPC"
"1",0.5,0.0842767295597484,0.101457330950737,0.12518590181401,0.102952828129707
